unique_id,sample_id,seq_name,organism,org_abv,country,loc_abv,type,county,db
_001,F100CE,AmMe_IRL_F_001 #G:F100CE,Apis mellifera mellifera,AmMe,Ireland,IRL,F,Clare,G
_002,F106LS,AmMe_IRL_F_002 #G:F106LS,Apis mellifera mellifera,AmMe,Ireland,IRL,F,Galway,G
_003,F107LS,AmMe_IRL_F_003 #G:F107LS,Apis mellifera mellifera,AmMe,Ireland,IRL,F,Laois,G
_004,F112G,AmMe_IRL_F_004 #G:F112G,Apis mellifera mellifera,AmMe,Ireland,IRL,F,Galway,G
_005,F117G,AmMe_IRL_F_005 #G:F117G,Apis mellifera mellifera,AmMe,Ireland,IRL,F,Galway,G
_006,F118G,AmMe_IRL_F_006 #G:F118G,Apis mellifera mellifera,AmMe,Ireland,IRL,F,Galway,G
_007,F120G,AmMe_IRL_F_007 #G:F120G,Apis mellifera mellifera,AmMe,Ireland,IRL,F,Galway,G
_008,F124KY,AmMe_IRL_F_008 #G:F124KY,Apis mellifera mellifera,AmMe,Ireland,IRL,F,Kerry,G
_009,F128C,AmMe_IRL_F_009 #G:F128C,Apis mellifera mellifera,AmMe,Ireland,IRL,F,Cork,G
_010,F131WM,AmMe_IRL_F_010 #G:F131WM,Apis mellifera mellifera,AmMe,Ireland,IRL,F,West Meath,G
_011,F132O,AmMe_IRL_F_011 #G:F132O,Apis mellifera mellifera,AmMe,Ireland,IRL,F,Offaly,G
_012,F134LS,AmMe_IRL_F_012 #G:F134LS,Apis mellifera mellifera,AmMe,Ireland,IRL,F,Laois,G
_013,F136DL2021,AmMe_IRL_F_013 #G:F136DL2021,Apis mellifera mellifera,AmMe,Ireland,IRL,F,Donegal,G
_014,F137DL2022,AmMe_IRL_F_014 #G:F137DL2022,Apis mellifera mellifera,AmMe,Ireland,IRL,F,Donegal,G
_015,F13R,AmMe_IRL_F_015 #G:F13R,Apis mellifera mellifera,AmMe,Ireland,IRL,F,Roscommon,G
_016,F140DL2021,AmMe_IRL_F_016 #G:F140DL2021,Apis mellifera mellifera,AmMe,Ireland,IRL,F,Donegal,G
_017,F141DL2021,AmMe_IRL_F_017 #G:F141DL2021,Apis mellifera mellifera,AmMe,Ireland,IRL,F,Donegal,G
_018,F142DL2022,AmMe_IRL_F_018 #G:F142DL2022,Apis mellifera mellifera,AmMe,Ireland,IRL,F,Donegal,G
_019,F144DL2021,AmMe_IRL_F_019 #G:F144DL2021,Apis mellifera mellifera,AmMe,Ireland,IRL,F,Donegal,G
_020,F162DL2022,AmMe_IRL_F_020 #G:F162DL2022,Apis mellifera mellifera,AmMe,Ireland,IRL,F,Donegal,G
_021,F16G,AmMe_IRL_F_021 #G:F16G,Apis mellifera mellifera,AmMe,Ireland,IRL,F,Galway,G
_022,F27G,AmMe_IRL_F_022 #G:F27G,Apis mellifera mellifera,AmMe,Ireland,IRL,F,Galway,G
_023,F27G19,AmMe_IRL_F_023 #G:F27G19,Apis mellifera mellifera,AmMe,Ireland,IRL,F,Galway,G
_024,F47G,AmMe_IRL_F_024 #G:F47G,Apis mellifera mellifera,AmMe,Ireland,IRL,F,Galway,G
_025,F48G17,AmMe_IRL_F_025 #G:F48G17,Apis mellifera mellifera,AmMe,Ireland,IRL,F,Galway,G
_026,F72G,AmMe_IRL_F_026 #G:F72G,Apis mellifera mellifera,AmMe,Ireland,IRL,F,Galway,G
_027,F78G,AmMe_IRL_F_027 #G:F78G,Apis mellifera mellifera,AmMe,Ireland,IRL,F,Galway,G
_028,F85CE,AmMe_IRL_F_028 #G:F85CE,Apis mellifera mellifera,AmMe,Ireland,IRL,F,Clare,G
_029,F90CE,AmMe_IRL_F_029 #G:F90CE,Apis mellifera mellifera,AmMe,Ireland,IRL,F,Clare,G
_030,F94CE,AmMe_IRL_F_030 #G:F94CE,Apis mellifera mellifera,AmMe,Ireland,IRL,F,Clare,G
_031,F97R,AmMe_IRL_F_031 #G:F97R,Apis mellifera mellifera,AmMe,Ireland,IRL,F,Roscommon,G
_032,F98G,AmMe_IRL_F_032 #G:F98G,Apis mellifera mellifera,AmMe,Ireland,IRL,F,Galway,G
_033,F122KY,AmHy_IRL_F_033 #G:F122KY,Apis mellifera hybrid,AmHy,Ireland,IRL,F,Kerry,G
_034,F143DL2022,AmHy_IRL_F_034 #G:F143DL2022,Apis mellifera hybrid,AmHy,Ireland,IRL,F,Donegal,G
_035,F148DL2022,AmHy_IRL_F_035 #G:F148DL2022,Apis mellifera hybrid,AmHy,Ireland,IRL,F,Donegal,G
_036,F152DL2021,AmHy_IRL_F_036 #G:F152DL2021,Apis mellifera hybrid,AmHy,Ireland,IRL,F,Donegal,G
_037,F153DL2021,AmHy_IRL_F_037 #G:F153DL2021,Apis mellifera hybrid,AmHy,Ireland,IRL,F,Donegal,G
_038,F156DL2022,AmHy_IRL_F_038 #G:F156DL2022,Apis mellifera hybrid,AmHy,Ireland,IRL,F,Donegal,G
_039,F29GBK17,AmHy_IRL_F_039 #G:F29GBK17,Apis mellifera hybrid,AmHy,Ireland,IRL,F,Galway,G
_040,F29GBN17,AmHy_IRL_F_040 #G:F29GBN17,Apis mellifera hybrid,AmHy,Ireland,IRL,F,Galway,G
_041,F74D19,AmHy_IRL_F_041 #G:F74D19,Apis mellifera hybrid,AmHy,Ireland,IRL,F,Dublin,G
_042,F89CE,AmHy_IRL_F_042 #G:F89CE,Apis mellifera hybrid,AmHy,Ireland,IRL,F,Clare,G
_043,F95DL20,AmHy_IRL_F_043 #G:F95DL20,Apis mellifera hybrid,AmHy,Ireland,IRL,F,Dublin,G
_044,RPOT,AmHy_GBR_F_044 #G:RPOT,Apis mellifera hybrid,AmHy,United Kingdom,GBR,F,,G
_045,AFH1,AmHy_IRL_M_045 #G:AFH1,Apis mellifera hybrid,AmHy,Ireland,IRL,M,Tipperary,G
_046,M136DL2022,AmHy_IRL_M_046 #G:M136DL2022,Apis mellifera hybrid,AmHy,Ireland,IRL,M,Donegal,G
_047,M149DL2021,AmHy_IRL_M_047 #G:M149DL2021,Apis mellifera hybrid,AmHy,Ireland,IRL,M,Donegal,G
_048,NUIG22SW,AmHy_IRL_M_048 #G:NUIG22SW,Apis mellifera hybrid,AmHy,Ireland,IRL,M,Galway,G
_049,TD2BLK,AmHy_IRL_M_049 #G:TD2BLK,Apis mellifera hybrid,AmHy,Ireland,IRL,M,Galway,G
_050,TD2BND,AmHy_IRL_M_050 #G:TD2BND,Apis mellifera hybrid,AmHy,Ireland,IRL,M,Galway,G
_051,X211W,AmHy_IRL_M_051 #G:X211W,Apis mellifera hybrid,AmHy,Ireland,IRL,M,Galway,G
_052,BD1,AmMe_IRL_M_052 #G:BD1,Apis mellifera mellifera,AmMe,Ireland,IRL,M,Tipperary,G
_053,CA5,AmMe_IRL_M_053 #G:CA5,Apis mellifera mellifera,AmMe,Ireland,IRL,M,Galway,G
_054,CG4,AmMe_IRL_M_054 #G:CG4,Apis mellifera mellifera,AmMe,Ireland,IRL,M,Tipperary,G
_055,CL1,AmMe_IRL_M_055 #G:CL1,Apis mellifera mellifera,AmMe,Ireland,IRL,M,Tipperary,G
_056,DR11,AmMe_IRL_M_056 #G:DR11,Apis mellifera mellifera,AmMe,Ireland,IRL,M,Tipperary,G
_057,F93CE,AmMe_IRL_M_057 #G:F93CE,Apis mellifera mellifera,AmMe,Ireland,IRL,M,Clare,G
_058,H1,AmMe_IRL_M_058 #G:H1,Apis mellifera mellifera,AmMe,Ireland,IRL,M,Tipperary,G
_059,M140DL2021,AmMe_IRL_M_059 #G:M140DL2021,Apis mellifera mellifera,AmMe,Ireland,IRL,M,Donegal,G
_060,M141DL2021,AmMe_IRL_M_060 #G:M141DL2021,Apis mellifera mellifera,AmMe,Ireland,IRL,M,Donegal,G
_061,M143DL2021,AmMe_IRL_M_061 #G:M143DL2021,Apis mellifera mellifera,AmMe,Ireland,IRL,M,Donegal,G
_062,M147DL2021,AmMe_IRL_M_062 #G:M147DL2021,Apis mellifera mellifera,AmMe,Ireland,IRL,M,Donegal,G
_063,M162DL2022,AmMe_IRL_M_063 #G:M162DL2022,Apis mellifera mellifera,AmMe,Ireland,IRL,M,Donegal,G
_064,M216DL2021,AmMe_IRL_M_064 #G:M216DL2021,Apis mellifera mellifera,AmMe,Ireland,IRL,M,Donegal,G
_065,M218DL2021,AmMe_IRL_M_065 #G:M218DL2021,Apis mellifera mellifera,AmMe,Ireland,IRL,M,Donegal,G
_066,MSE2,AmMe_IRL_M_066 #G:MSE2,Apis mellifera mellifera,AmMe,Ireland,IRL,M,Galway,G
_067,MSN4,AmMe_IRL_M_067 #G:MSN4,Apis mellifera mellifera,AmMe,Ireland,IRL,M,Galway,G
_068,RG245,AmMe_IRL_M_068 #G:RG245,Apis mellifera mellifera,AmMe,Ireland,IRL,M,Louth,G
_069,RG919,AmMe_IRL_M_069 #G:RG919,Apis mellifera mellifera,AmMe,Ireland,IRL,M,Louth,G
_070,SO20C,AmMe_IRL_M_070 #G:SO20C,Apis mellifera mellifera,AmMe,Ireland,IRL,M,Galway,G
_071,SO20E,AmMe_IRL_M_071 #G:SO20E,Apis mellifera mellifera,AmMe,Ireland,IRL,M,Galway,G
_072,SO20F,AmMe_IRL_M_072 #G:SO20F,Apis mellifera mellifera,AmMe,Ireland,IRL,M,Galway,G
_073,SO20M,AmMe_IRL_M_073 #G:SO20M,Apis mellifera mellifera,AmMe,Ireland,IRL,M,Galway,G
_074,X1,AmMe_IRL_M_074 #G:X1,Apis mellifera mellifera,AmMe,Ireland,IRL,M,Galway,G
_075,X21,AmMe_IRL_M_075 #G:X21,Apis mellifera mellifera,AmMe,Ireland,IRL,M,Galway,G
_076,F18DL2021,AmMe_IRL_F_076 #G:F18DL2021,Apis mellifera mellifera,AmMe,Ireland,IRL,F,,G
_077,F9210CE,AmMe_IRL_F_077 #G:F9210CE,Apis mellifera mellifera,AmMe,Ireland,IRL,F,,G
_078,F9530DL,AmMe_IRL_F_078 #G:F9530DL,Apis mellifera mellifera,AmMe,Ireland,IRL,F,,G
_079,F9820G,AmMe_IRL_F_079 #G:F9820G,Apis mellifera mellifera,AmMe,Ireland,IRL,F,,G
_080,TD21W,AmMe_IRL_M_080 #G:TD21W,Apis mellifera mellifera,AmMe,Ireland,IRL,M,,G
_081,AmC109,AmCr_DEU_M_081 #G:AmC109,Apis mellifera carnica,AmCr,Germany,DEU,M,,G
_082,AmC419,AmCr_DEU_M_082 #G:AmC419,Apis mellifera carnica,AmCr,Germany,DEU,M,,G
_083,AmC435,AmCr_DEU_M_083 #G:AmC435,Apis mellifera carnica,AmCr,Germany,DEU,M,,G
